<?xml version="1.0" encoding="UTF-8" ?>
<?xml-stylesheet type="text/xsl" href="Wine_Catalog.xsl"?>
<!DOCTYPE catalog SYSTEM "Wine_Catalog.dtd" [
    <!NOTATION JPG SYSTEM "images/jpeg">
	<!ENTITY IskraLC SYSTEM "images/IskraLC.jpg" NDATA JPG>
	<!ENTITY BlushVA SYSTEM "images/BlushVA.jpg" NDATA JPG>
	<!ENTITY ChateauKA SYSTEM "images/ChateauKA.jpg" NDATA JPG>
	<!ENTITY StaroselSTAR SYSTEM "images/StaroselSTAR.jpg" NDATA JPG>
	<!ENTITY Rubin SYSTEM "images/Rubin.jpg" NDATA JPG>
	<!ENTITY MelnikJubilee SYSTEM "images/MelnikJubilee.jpg" NDATA JPG>
	<!ENTITY ZeylaRose SYSTEM "images/ZeylaRose.jpg" NDATA JPG>
	<!ENTITY ChardonnaySurLie SYSTEM "images/ChardonnaySurLie.jpg" NDATA JPG>
]>
<catalog>	
	<regions>
		<titleRegion>Региони: </titleRegion>
		<region regionID="Dunavska" manufacturerRef="LC Pleven">
			<regionName> Северен лозаро-винарски район - Дунавска равнина </regionName>
		</region>
		
		<region regionID="ChernoMorska" manufacturerRef="VA">
			<regionName> Източнобългарски лозаро-винарски район - Черноморски </regionName>
		</region>
		
		<region regionID="RozovaDol" manufacturerRef="KA Karlovo">
			<regionName> Подбалкански лозаро-винарски район - Розова долина </regionName>
		</region>
		
		<region regionID="Trakiiska" manufacturerRef="STAR Haskovo">
			<regionName> Южен лозаро-винарски район - Тракийска низина </regionName>
		</region>
		
		<region regionID="Struma" manufacturerRef="Melnik">
			<regionName> Югозападен лозаро-винарски район - Долината на Струма </regionName>
		</region>
		
		
		</regions>
	<manufacturers>
		<titleManufacturer> Производители: </titleManufacturer>
		<manufacturer manufacturerID="LC" wineRef="Iskra">
			<manufacturerName> Винпром Лясковец </manufacturerName>
		</manufacturer>
		
		<manufacturer manufacturerID="VA" wineRef="Blush">
			<manufacturerName> Винарска изба – Варна </manufacturerName>
		</manufacturer>
		
		<manufacturer manufacturerID="KA" wineRef="Chateau">
			<manufacturerName> Винпром Карнобат </manufacturerName>
		</manufacturer>
		
		<manufacturer manufacturerID="STAR" wineRef="Starosel">
			<manufacturerName> Starosel Winery </manufacturerName>
		</manufacturer>
		
		<manufacturer manufacturerID="Pleven" wineRef="Rubin">
		  <manufacturerName> Винарска изба - ДЖАНКО </manufacturerName>
		</manufacturer>
		<manufacturer manufacturerID="Melnik" wineRef="MelnikJubilee">
		  <manufacturerName>Винарска изба Вила Мелник </manufacturerName>
		</manufacturer>
		<manufacturer manufacturerID="Karlovo" wineRef="ZeylaRose">
		  <manufacturerName> Chateau Kopsa - Шато Копса </manufacturerName>
		</manufacturer>
		<manufacturer manufacturerID="Haskovo" wineRef="ChardonnaySurLie">
		  <manufacturerName> Винарна Братанови </manufacturerName>
		</manufacturer>		
	
	</manufacturers>

	<wineProducts>
		<titleWine> Вина: </titleWine>
		<wine wineID="Iskra" regionRef="Dunavska"> 
			<name> Искра - бяла </name>	
			<image src="IskraLC"/>			
			<origin>
				<country> България </country>
				<district> Велико Търново </district>
				<terroir> Лясковец, Северен лозаро-винарски район - Дунавска равнина </terroir>
				<manu> Винпром Лясковец</manu>
			</origin> 
			<type> Естествено пенливо бяло сухо вино </type>
			<sort> Сортовете Алиготе, Шардоне и Димят </sort>
			<year> 2021г. </year>
			<package>Стъклена бутилка,  0,75 л. </package>
			<price> 4,20лв </price>
			<sommelierDescription> 
				<scent> Свеж</scent>
				<aftertaste>Притежава фин аромат и превъзходен вкус </aftertaste>
			</sommelierDescription>
			<foodToCombineWith> С морски дарове и бели меса</foodToCombineWith>
			<serving>
				<info> Идеално като аператив</info> 
				<temperature> 5 - 7°C  </temperature>
			</serving>
			<alcoholContent> 10.5% vol </alcoholContent>
			
			
		</wine>
		
		<wine wineID="Blush" regionRef="ChernoMorska">
			<name>Розе „Blush“ </name>
			<image src="BlushVA"/>
			<origin>
				<country>България </country>
				<district> Варна</district>
				<terroir> Варна, Източнобългарски лозаро-винарски район - Черноморски</terroir>
				<manu> Винарска изба – Варна</manu>
			</origin> 
			<type> Розе </type>
			<sort> Сорт грозде Пино Ноар</sort>
			<year>2021г. </year>
			<package>Стъклена бутилка, 0,75 л. </package>
			<price> 11лв </price>
			<sommelierDescription> 
				<scent>Аромат на бяла черница, екзотичен дъх на пасион фрут, гуава и дива череша </scent>
				<aftertaste>Пловод </aftertaste>
			</sommelierDescription>
			<foodToCombineWith> Може да се поднесе с пица, паста, морски дарове, риби, птици, свинско и палитра от пикантни блюда на чуждоземната кухня </foodToCombineWith>
			<serving>
				<info> Охладено</info> 
				<temperature> 12-14ºC </temperature>
			</serving>
			<alcoholContent> 16% vol </alcoholContent>
			
		</wine>
		
		<wine wineID="Chateau" regionRef="RozovaDol">
			<name>Chateau Karnobat Chardonnay </name>

			<image src="ChateauKA"/>

			<origin>
				<country>България </country>
				<district> Бургас</district>
				<terroir>Карнобат,Подбалкански лозаро-винарски район - Розова долина </terroir>
				<manu> Винпром Карнобат</manu>
			</origin>
			<type> Бяло вино</type>
			<sort> Шардоне </sort>
			<year>2019г. </year>
			<package>Стъклена бутилка,  0.75 л. </package>
			<price> 5.39лв. </price>
			<sommelierDescription> 
				<scent>Плодов характер, с нюанси на зелена ябълка, зряла праскова и свежи цитрусови акценти </scent>
				<aftertaste> Свеж, сочен, ароматен  </aftertaste>
			</sommelierDescription>
			<foodToCombineWith> Добро допълнение към зеленчукови предястия, морски дарове и риби със сметанови сосове, ястия от бели меса с умерени подправки </foodToCombineWith>
			<serving>
				<info> Охладено</info> 
				<temperature> 8-10°С </temperature>
			</serving>
			<alcoholContent> 16% vol </alcoholContent>
			
			
		</wine>
		
		<wine wineID="Starosel" regionRef="Trakiiska">
			<name>Винено Съкровище "Старосел" </name>
			<image src="StaroselSTAR"/>
			<origin>
				<country> България</country>
				<district>Пловдив </district>
				<terroir> Старосел,Южен лозаро-винарски район - Тракийска низина </terroir>
				<manu> Starosel Winery</manu>
			</origin> 
			<type>Червено сухо вино </type>
			<sort> сорт Мерло, Каберне Совиньон, Сира </sort>
			<year>2018г. </year>
			<package>Стъклена бутилка, 0.75 л. </package>
			<price>27,00 лв. </price>
			<sommelierDescription> 
				<scent> Плодовите нюанси на участващите в  купажа сортове грозде /боровинка, малина, къпина, череша/, допълнен с фините нюанси на дъб и шоколад</scent>
				<aftertaste>  Доминиран от плодовостта и фините нюанси на дъб</aftertaste>
			</sommelierDescription>
			<foodToCombineWith> Дивеч, всякакви месни блюда, телешко карпачо, по-мазни сирена</foodToCombineWith>
			<serving>
				<info> Охладено</info> 
				<temperature> 18 ˚- 20˚С </temperature>
			</serving>
			<alcoholContent> 14.8% vol </alcoholContent>
			
			
		</wine>
		
		<wine wineID="Rubin" regionRef="Dunavska">
			<name> Рубин - Sagittarius</name>
			<image src="Rubin"/>
			<origin>
				<country> България </country>
				<district> Плевен </district>
				<terroir> Плевен, Северен лозаро-винарски район - Дунавска равнина </terroir>
				<manu> Винарска изба - ДЖАНКО </manu> 
			</origin>
			<type> Червено вино </type>
			<sort> Сорт Рубин </sort>
			<year> Реколта 2015г. </year>
			<package> Стъклена бутилка, 0,75 л. </package>
			<price> 8 лв. </price>
			<sommelierDescription>
				<scent> Аромат на касис, боровинки, сух тютюн и какао</scent>
				<aftertaste>Плодов вкус, оставящ усещане за касис, боровинки и какао </aftertaste>
			</sommelierDescription>
			<foodToCombineWith> Паста и ризото със сметанови сосове, отлежали жълти сирена - гауда, чедър </foodToCombineWith>
			<serving>  
				<info> Охладено</info>
				<temperature> 18°C </temperature>
			</serving>
			<alcoholContent> 13,5% vol </alcoholContent>
			
			
		</wine>
		
		<wine wineID="MelnikJubilee" regionRef="Struma">
			<name> Melnik Jubilee 1300 </name>
			<image src="MelnikJubilee"/>
			<origin>
				<country> България </country>
				<district> Мелник </district>
				<terroir> Село Хърсово,Югозападен лозаро-винарски район - Долината на Струма </terroir>
				<manu> Винарска изба Вила Мелник </manu>
			</origin>
			<type> Червено вино </type>
			<sort> Сорт Мелник Юбилеен 1300 </sort>
			<year> Реколта 2017г. </year>
			<package> Стъклена бутилка, 0,75 л. </package>
			<price> 37 лв. </price>
			<sommelierDescription>
				<scent> Аромат на екзотични цветя, сандалово дърво, зрели черни плодове, черница, сини сливи, къпини, зрели малини, шоколад, мока</scent>
				<aftertaste> Свеж и плодов вкус </aftertaste>
			</sommelierDescription>
			<foodToCombineWith> Ребърца с барбекю сос, меса в сладко-кисели сосове, свинско с плодов чътни, телешко с боровинков сос, карамелизирани сосове, елен, печен дивеч </foodToCombineWith>
			<serving>
				<info>Охладено </info> 
				<temperature> 18-20°C  </temperature>
			</serving>
			<alcoholContent> 14,5% vol  </alcoholContent>
				
		</wine>
		
		<wine wineID="ZeylaRose" regionRef="RozovaDol">
			<name> Зейла Розе </name>
			<image src="ZeylaRose"/>
			<origin>
				<country> България </country>
				<district> Карлово </district>
				<terroir> Карлово, Подбалкански лозаро-винарски район - Розова долина </terroir>
				<manu> Chateau Kopsa - Шато Копса </manu>
			</origin>
			<type> Розе </type>
			<sort> Мерло и Каберне Совиньон </sort>
			<year> Реколта 2020г. </year>
			<package> Стъклена бутилка, 0,75 л. </package>
			<price> 10 лв. </price>
			<sommelierDescription>
				<scent> Аромати на горски червени плодове, зряла праскова, сухи билки </scent>
				<aftertaste> Ненатрапчив кисел и плодов вкус на червени плодове  </aftertaste>
			</sommelierDescription>
			<foodToCombineWith> Салати, постни ястия, паста, ястия с тиквички и патладжан, суфле, риба и морски дарове, пилешко месо, азиатска храна, ястия с яйца, сирена </foodToCombineWith>
			<serving>
				<info> Охладено</info> 
				<temperature> 18°C </temperature>
			</serving>
			<alcoholContent> 13% vol  </alcoholContent>
			
			
		</wine>

		<wine wineID="ChardonnaySurLie" regionRef="Trakiiska">
			<name> Шардоне Сюр Ли </name>
			<image src="ChardonnaySurLie"/>
			<origin>
				<country> България </country>
				<district> Хасково </district>
				<terroir> Харманли, Югозападен лозаро-винарски район - Долината на Струма </terroir>
				<manu> Винарна Братанови </manu>
			</origin>
			<type> Бяло вино </type>
			<sort> Шардоне </sort>
			<year> Реколта 2018г. </year>
			<package> Стъклена бутилка, 0,75 л. </package>
			<price> 17 лв. </price>
			<sommelierDescription>
				<scent> Аромат на кора от хляб, ябълка и жълти костилкови плодове с нюанс на бели цветове </scent>
				<aftertaste> Елегантен и мек послевкус на лимонов тарт, гарниран с млечен крем  </aftertaste>
			</sommelierDescription>
			<foodToCombineWith> Пилешки и рибни ястия с леки сосове, миди Сен Жак, прясна паста със зеленчуци или млечни сосове, меки сирена </foodToCombineWith>
			<serving>
				<info>Охладено </info> 
				<temperature> 10-12°C </temperature>
			</serving>
		  <alcoholContent> 14% vol  </alcoholContent>

		</wine>		
		
	</wineProducts>
</catalog>
